loan_time,protocol,principal_usd,apr_pct,token_id
2024-12-31 22:53:47,Blur Blend,103560.77,19,9733
2024-12-31 22:48:23,Blur Blend,103584.33,19,8047
2024-12-31 17:36:35,Blur Blend,90344.11,12,2419
2024-12-31 17:21:35,NFTfi,7140.44,44.99,1266
2024-12-31 17:19:59,NFTfi,7147.6,44,6661
2024-12-31 17:02:23,NFTfi,7148,68,9461
2024-12-31 17:01:47,NFTfi,7148,68,8065
2024-12-30 13:20:47,NFTfi,7166.74,67,4005
2024-12-30 11:13:35,Blur Blend,87109.77,12,7468
2024-12-30 04:50:47,NFTfi,7277.86,66,4226
2024-12-30 04:48:23,NFTfi,7278.35,66,3389
2024-12-28 23:41:59,NFTfi,6460.32,43.99,5808
2024-12-28 18:06:47,NFTfi,7193.71,66,8021
2024-12-28 04:53:35,NFTfi,78000,16,5274
2024-12-28 02:43:59,Blur Blend,70722.2,15,7626
2024-12-27 19:44:23,NFTfi,4695.56,32,2675
2024-12-27 03:58:59,Blur Blend,97905.74,27,4341
2024-12-26 09:58:47,NFTfi,78000,16,5145
2024-12-26 09:48:59,Blur Blend,100504.28,44.9,1820
2024-12-26 00:33:35,Blur Blend,86551.26,15,5838
2024-12-26 00:26:47,NFTfi,97811.28,15,7586
2024-12-26 00:15:59,Blur Blend,97881.29,15,3043
2024-12-26 00:08:11,NFTfi,98029.12,15,5541
2024-12-24 18:00:35,Blur Blend,78704.1,14.9,1228
2024-12-24 16:09:47,Blur Blend,90628.5,14.7,1228
2024-12-24 13:42:47,NFTfi,7214.13,49.99,2768
2024-12-24 13:36:47,NFTfi,7821.49,68,3797
2024-12-24 13:34:35,NFTfi,7813.38,68,4226
2024-12-24 12:01:35,Blur Blend,16410.13,11.9,7802
2024-12-24 10:49:59,NFTfi,5965.19,38,4572
2024-12-24 06:08:11,NFTfi,95824.12,15,9830
2024-12-24 06:04:35,NFTfi,95778.76,15,9986
2024-12-24 05:59:35,NFTfi,95637.92,15,7009
2024-12-24 05:51:59,NFTfi,95726.4,15,4351
2024-12-23 20:47:47,NFTfi,94489.92,15,4927
2024-12-23 02:16:35,NFTfi,6329.19,49.99,1266
2024-12-23 02:08:23,NFTfi,6372.42,49.99,9461
2024-12-23 02:07:11,NFTfi,6372.42,43.5,6661
2024-12-23 02:04:35,NFTfi,6366.91,43.5,8065
2024-12-23 02:03:47,NFTfi,6366.91,43.5,4005
2024-12-23 02:02:47,NFTfi,6366.91,43.5,3389
2024-12-23 02:01:47,NFTfi,6366.91,49.99,8021
2024-12-23 00:01:11,Blur Blend,98630.5,39.9,4233
2024-12-22 23:10:47,NFTfi,4608.41,39.5,4332
2024-12-22 23:06:47,NFTfi,4581.98,39.5,2009
2024-12-22 23:02:11,NFTfi,4582.73,40,1286
2024-12-22 22:56:11,NFTfi,5727.42,39.5,3796
2024-12-22 22:50:23,NFTfi,5725.84,39.5,1041
2024-12-22 22:09:47,NFTfi,6380.42,49.99,5446
2024-12-22 11:56:35,NFTfi,91468.98,15,3517
2024-12-21 00:36:47,NFTfi,96864.6,15,9824
2024-12-20 23:52:23,NFTfi,97121.64,15,8354
2024-12-20 23:47:23,NFTfi,93771.54,15,4983
2024-12-20 20:10:35,Blur Blend,95139.14,19,2419
2024-12-20 19:50:35,NFTfi,97706.28,15,6693
2024-12-20 19:41:35,NFTfi,97790.28,15,1441
2024-12-20 19:37:47,NFTfi,97443.92,15,1612
2024-12-20 19:27:35,NFTfi,93790.98,15,4439
2024-12-20 19:23:11,NFTfi,93461.04,15,7749
2024-12-20 19:15:59,NFTfi,93064.41,15,6822
2024-12-20 17:53:35,NFTfi,7614.78,66,3797
2024-12-20 12:41:35,NFTfi,5490.34,39.99,5949
2024-12-20 09:07:59,NFTfi,5607.13,39.99,2000
2024-12-20 01:03:11,Blur Blend,97417.81,29.9,1235
2024-12-19 21:17:35,NFTfi,91785.42,15,2903
2024-12-19 16:26:47,NFTfi,6126.8,39.99,9133
2024-12-18 21:51:23,NFTfi,99719.1,15,5032
2024-12-18 21:49:35,NFTfi,103685.96,15,4377
2024-12-18 21:48:47,NFTfi,99982.89,15,8963
2024-12-18 21:48:11,NFTfi,99982.89,15,7688
2024-12-17 13:28:11,NFTfi,120203.7,15,7943
2024-12-17 13:26:47,NFTfi,120203.7,15,9700
2024-12-17 13:25:35,NFTfi,120203.7,15,8120
2024-12-17 13:20:59,NFTfi,120059.7,15,3837
2024-12-17 13:15:11,NFTfi,119910.6,15,4255
2024-12-17 13:14:11,NFTfi,107942.22,15,2756
2024-12-17 13:13:11,NFTfi,119935.8,15,2757
2024-12-17 00:37:11,Blur Blend,113282.37,25,1235
2024-12-14 06:43:47,Blur Blend,28728.45,18.5,3771
2024-12-12 19:40:35,Blur Blend,18601.57,12.7,7802
2024-12-12 02:23:59,Blur Blend,95063.07,40,6694
2024-12-12 00:39:11,Blur Blend,104323.05,19,4138
2024-12-11 20:03:47,Blur Blend,125554.44,29,8089
2024-12-11 14:34:59,Blur Blend,96508.27,41.9,4382
2024-12-10 23:18:23,NFTfi,8016.73,49.99,2768
2024-12-10 22:49:59,NFTfi,8012.95,49.99,4226
2024-12-10 22:24:35,NFTfi,4943.75,25,7439
2024-12-10 13:57:59,Blur Blend,97336.89,42,1167
2024-12-10 11:43:23,Blur Blend,20924.88,13.9,2067
2024-12-10 01:03:59,Blur Blend,74813.33,17.9,1228
2024-12-09 22:26:59,Blur Blend,107914.14,44.9,4134
2024-12-09 19:28:23,NFTfi,8428,49.99,1266
2024-12-09 19:26:47,NFTfi,8428,49.99,6661
2024-12-09 08:46:59,Blur Blend,21703.41,13.2,2067
2024-12-08 05:21:23,NFTfi,8022.27,39.5,5868
2024-12-08 05:08:47,Blur Blend,83322.54,18.8,3771
2024-12-08 05:05:23,Blur Blend,120783.84,49,3771
2024-12-07 20:58:11,NFTfi,8847.78,44.99,3760
2024-12-07 18:38:23,Blur Blend,72584.13,17.9,1796
2024-12-07 17:10:35,Blur Blend,62150.26,18,1467
2024-12-07 17:06:23,NFTfi,7994.22,39.99,8437
2024-12-07 13:58:23,NFTfi,7996.24,39.99,5608
2024-12-07 07:33:47,NFTfi,8762.07,67,3797
2024-12-07 07:21:35,NFTfi,7967.28,39.99,5786
2024-12-07 03:42:59,NFTfi,7991.24,39.99,5798
2024-12-07 03:14:59,NFTfi,7982.38,39.99,7474
2024-12-07 03:12:23,NFTfi,8780.62,66,7910
2024-12-07 03:01:23,NFTfi,7994.78,39.99,7530
2024-12-06 20:18:47,NFTfi,8165.7,39.99,4806
2024-12-06 19:58:35,NFTfi,8542.09,39.99,5668
2024-12-06 19:24:35,NFTfi,8935.08,66,9460
2024-12-06 14:53:47,NFTfi,7088.83,39.99,9461
2024-12-06 14:52:11,NFTfi,7088.83,39.99,8065
2024-12-06 04:20:11,Blur Blend,41778.31,17.9,9383
2024-12-05 17:59:11,NFTfi,7041.37,39.99,4005
2024-12-05 12:41:23,NFTfi,7074.61,39.99,7923
2024-12-05 12:39:47,NFTfi,7061.58,39.99,7567
2024-12-05 12:38:11,NFTfi,7061.58,39.99,2215
2024-12-05 12:36:23,NFTfi,7061.58,39.99,1541
2024-12-05 12:34:23,NFTfi,7062.41,39.99,1095
2024-12-05 06:55:47,NFTfi,115699.5,15,2226
2024-12-05 01:54:11,NFTfi,6870.13,39.99,3389
2024-12-05 01:52:35,NFTfi,6870.13,39.99,8021
2024-12-05 01:51:35,NFTfi,6870.13,39.99,2768
2024-12-05 01:49:59,NFTfi,6882.55,39.99,4226
2024-12-04 23:35:35,NFTfi,6923.86,39.99,1266
2024-12-04 19:51:23,NFTfi,6895.44,39.99,6661
2024-12-03 22:50:23,Blur Blend,88306.87,15.4,6655
2024-12-03 16:46:59,NFTfi,106847.7,15,9944
2024-12-03 16:26:35,NFTfi,107258.4,15,4350
2024-12-03 16:02:35,NFTfi,78503.48,10,4439
2024-12-02 18:13:35,NFTfi,7191.44,65,2768
2024-12-01 23:28:59,NFTfi,100000,16,5531
2024-11-30 08:22:59,NFTfi,5934.32,65,2768
2024-11-30 03:07:35,NFTfi,79863.52,10,6822
2024-11-29 16:07:23,NFTfi,101270.4,15,3181
2024-11-29 16:00:11,Blur Blend,90319.51,39.9,1228
2024-11-29 15:55:47,NFTfi,70000,10,5274
2024-11-29 15:54:11,NFTfi,101766.68,15,1313
2024-11-29 04:46:23,NFTfi,5355.51,39.5,2193
2024-11-28 21:36:35,Blur Blend,110548.48,50,7274
2024-11-28 12:38:23,Blur Blend,68761.11,14.8,6655
2024-11-28 12:08:35,Blur Blend,114804.84,19,7427
2024-11-28 04:37:47,NFTfi,5723.09,65,5802
2024-11-27 16:31:11,NFTfi,74826.15,10,7749
2024-11-27 16:30:11,NFTfi,99768.2,15,8259
2024-11-27 16:28:59,NFTfi,74861.22,10,2903
2024-11-27 16:22:23,NFTfi,99760.92,15,4341
2024-11-27 16:18:35,NFTfi,99581.44,15,7586
2024-11-26 10:52:11,NFTfi,93043.72,15,5145
2024-11-26 01:38:35,NFTfi,4701.7,32,6661
2024-11-25 12:17:23,Blur Blend,103566.29,19,8664
2024-11-25 03:36:59,NFTfi,5020.27,65,2768
2024-11-25 03:35:59,NFTfi,3600,19.99,6661
2024-11-24 05:41:59,NFTfi,4627.17,32,8148
2024-11-24 05:07:47,NFTfi,4642.13,32,4332
2024-11-24 05:01:47,NFTfi,4644.75,32,2675
2024-11-24 04:54:23,NFTfi,4638.48,32,1286
2024-11-24 04:36:23,NFTfi,4647.24,32,2009
2024-11-24 00:55:47,NFTfi,102635.4,15,4927
2024-11-23 22:42:35,Arcade,3670,24.5,2043
2024-11-23 21:05:11,Arcade,3600,24.99,5123
2024-11-23 12:16:35,NFTfi,100722.3,15,3517
2024-11-23 12:12:23,Blur Blend,60182.06,18.9,3517
2024-11-23 12:06:59,NFTfi,100579.5,15,9685
2024-11-23 11:58:47,Blur Blend,102082.9,19,3517
2024-11-22 23:46:11,NFTfi,4658.01,42.5,3796
2024-11-22 13:01:59,NFTfi,55000,10,6693
2024-11-22 12:31:59,NFTfi,55000,10,1441
2024-11-22 04:53:11,NFTfi,5612.38,38.99,3760
2024-11-22 03:52:59,Blur Blend,63865.81,18,9899
2024-11-22 03:02:11,Blur Blend,59350.54,14.8,3517
2024-11-22 01:25:23,NFTfi,55000,10,1612
2024-11-22 00:03:23,Blur Blend,86458.98,14.9,8869
2024-11-21 23:53:59,Blur Blend,90872.45,15.5,3517
2024-11-21 23:51:23,Blur Blend,92961.47,15.9,7274
2024-11-21 23:18:11,NFTfi,5054.65,34.5,8437
2024-11-21 23:11:59,NFTfi,5066.45,34.5,2622
2024-11-21 12:55:35,NFTfi,4960.83,35,3797
2024-11-21 12:54:11,NFTfi,4968.67,35,5645
2024-11-21 05:19:11,Blur Blend,58268.95,14.5,9899
2024-11-21 05:16:11,Blur Blend,65674.15,14.5,717
2024-11-21 04:07:23,NFTfi,4659.36,34.9,5798
2024-11-21 04:04:59,NFTfi,4658.49,34.9,7474
2024-11-21 04:02:59,NFTfi,4658.49,34.9,7910
2024-11-20 21:35:59,NFTfi,4605.92,35,7530
2024-11-20 21:04:47,NFTfi,4611.47,35,4806
2024-11-20 21:01:35,NFTfi,64560.51,10,5032
2024-11-20 21:00:47,NFTfi,64560.51,10,4377
2024-11-20 20:58:47,NFTfi,64637.58,10,8963
2024-11-20 20:57:35,NFTfi,64637.58,10,7688
2024-11-20 20:55:59,NFTfi,64637.58,10,2756
2024-11-20 03:16:59,Blur Blend,63357.14,14.9,3517
2024-11-20 02:47:47,NFTfi,4656.2,34.5,3467
2024-11-20 00:53:23,NFTfi,4700.46,35,5668
2024-11-20 00:49:59,NFTfi,4701.85,34.9,9460
2024-11-19 12:35:11,NFTfi,4736.42,34.5,9461
2024-11-19 12:32:47,NFTfi,4721.21,38.5,3833
2024-11-19 12:30:47,NFTfi,4721.21,35,8065
2024-11-19 07:20:35,Blur Blend,84121.19,18,4138
2024-11-19 04:20:23,Blur Blend,86816.87,19,3423
2024-11-18 18:49:59,NFTfi,4762.46,38.5,4005
2024-11-18 18:48:23,NFTfi,4762.46,38.5,3389
2024-11-18 18:46:23,NFTfi,4762.46,38.5,8021
2024-11-18 02:42:59,NFTfi,93533.1,15,3837
2024-11-18 02:41:35,NFTfi,93533.1,15,4255
2024-11-18 02:31:47,NFTfi,93377.7,15,2757
2024-11-18 02:25:35,NFTfi,93429.6,15,7943
2024-11-18 02:22:11,NFTfi,93648.3,15,9700
2024-11-18 02:19:35,NFTfi,93648.3,15,8120
2024-11-18 00:51:35,NFTfi,4704.84,35,4226
2024-11-17 22:36:47,NFTfi,3997.11,30,2768
2024-11-17 22:35:47,NFTfi,4612.05,62,5668
2024-11-16 20:51:59,Blur Blend,71814.06,17,9984
2024-11-16 20:12:35,Blur Blend,85182.18,19,9824
2024-11-16 20:00:59,Arcade,79255.5,15,5031
2024-11-16 19:57:59,Blur Blend,85226,19,4927
2024-11-16 19:50:59,Blur Blend,87276.38,19,3423
2024-11-16 19:47:47,Blur Blend,85256.91,19,9729
2024-11-16 19:45:59,Blur Blend,85256.91,19,2419
2024-11-16 19:44:23,Blur Blend,88280.64,19,3646
2024-11-16 17:27:23,NFTfi,4767.73,35,1266
2024-11-16 03:25:59,Arcade,78076.5,15,1596
2024-11-16 03:02:35,Arcade,77810.75,15,3116
2024-11-16 02:30:59,Blur Blend,83608.16,23,4138
2024-11-16 02:23:59,NFTfi,93292.5,15,1235
2024-11-15 23:20:47,Blur Blend,58063.49,18.6,9899
2024-11-15 20:50:11,NFTfi,92381.7,15,6820
2024-11-15 20:45:47,NFTfi,92368.2,15,3459
2024-11-15 11:30:35,Blur Blend,73308,19,717
2024-11-15 06:50:35,Blur Blend,72784.92,19,3517
2024-11-15 06:36:47,Blur Blend,72692.82,19,7274
2024-11-15 05:19:35,NFTfi,3300,29,6661
2024-11-14 04:22:47,NFTfi,4198.99,34.99,8047
2024-11-14 04:10:35,Blur Blend,73984.12,15,2511
2024-11-14 04:04:47,Blur Blend,73956.53,15,8869
2024-11-14 03:54:35,Blur Blend,73688.01,14,7042
2024-11-13 14:48:59,Blur Blend,72198.05,15,717
2024-11-11 21:42:23,Blur Blend,73238.96,14,717
2024-11-10 01:15:47,Blur Blend,61762.32,14,7274
2024-11-09 21:05:59,NFTfi,61661.2,15,6820
2024-11-08 07:38:11,Blur Blend,55316.41,15,9899
2024-11-08 04:13:23,Blur Blend,56042.95,22.8,2645
2024-11-08 04:13:11,Blur Blend,56042.95,19,9028
2024-11-08 04:13:11,Blur Blend,56042.95,18.9,6288
2024-11-07 03:14:47,NFTfi,3427.1,17,8047
2024-11-06 15:55:35,Arcade,81902.62,14,7994
2024-11-06 15:08:35,Blur Blend,59000.18,24,4927
2024-11-06 03:52:11,Blur Blend,56386.24,19,4351
2024-11-05 20:38:11,NFTfi,2978.94,34.5,8148
2024-11-05 14:22:59,NFTfi,48903.8,15,9944
2024-11-05 14:20:59,NFTfi,48903.8,15,4350
2024-11-05 14:20:11,NFTfi,48903.8,15,4439
2024-11-03 22:20:11,NFTfi,3212,49.5,8437
2024-11-03 22:18:59,NFTfi,3215.32,49.5,2622
2024-11-03 22:11:23,NFTfi,3021.45,32.9,5645
2024-11-02 14:09:11,NFTfi,3026.25,33,3629
2024-11-02 00:50:11,NFTfi,54102.6,16.99,6822
2024-11-01 19:55:23,NFTfi,3212.25,39,3797
2024-11-01 19:50:35,NFTfi,3768.27,39,3760
2024-11-01 16:03:59,NFTfi,50105,15,3181
2024-11-01 07:09:47,NFTfi,3003,34.99,5777
2024-10-31 18:26:35,NFTfi,45000,11,2226
2024-10-31 13:57:47,NFTfi,45000,11,5274
2024-10-31 13:52:47,Blur Blend,50206.08,20,3423
2024-10-31 13:46:11,NFTfi,54999,15,1313
2024-10-31 13:32:47,Blur Blend,57734.6,24.5,2419
2024-10-30 20:16:47,NFTfi,3442.62,60,8047
2024-10-30 04:37:11,NFTfi,52869.8,15,7749
2024-10-30 04:35:35,NFTfi,52869.8,15,8259
2024-10-30 04:32:59,NFTfi,55517.28,15,2903
2024-10-30 04:26:47,NFTfi,55474.02,15,4341
2024-10-30 04:19:23,NFTfi,55487.04,15,7586
2024-10-30 03:55:11,NFTfi,45000,11,5531
2024-10-29 14:28:59,NFTfi,55093.29,15,7274
2024-10-29 13:28:59,NFTfi,55049.4,15,5145
2024-10-29 08:48:47,Blur Blend,12984.98,9,4843
2024-10-28 02:46:47,Blur Blend,12307.93,5,4843
2024-10-28 00:03:47,NFTfi,3132.68,31.9,1639
2024-10-27 23:45:35,NFTfi,3134.26,32,2675
2024-10-27 23:38:23,NFTfi,2951.18,34.4,4332
2024-10-27 23:32:11,NFTfi,2938.21,34.5,4558
2024-10-27 23:26:59,NFTfi,2892.61,36.9,2009
2024-10-27 23:22:59,NFTfi,2893.19,36.9,7486
2024-10-27 23:18:35,NFTfi,2897.34,36.9,1286
2024-10-27 14:51:23,Blur Blend,49495.18,20,3043
2024-10-27 14:47:59,Blur Blend,55853.12,24,1441
2024-10-27 13:47:11,NFTfi,3388.39,34,5798
2024-10-27 13:45:23,NFTfi,3397.11,30,7474
2024-10-27 13:44:23,NFTfi,3399.97,30,7910
2024-10-27 13:43:11,NFTfi,3399.97,30,7530
2024-10-27 13:37:59,NFTfi,3399.87,30,4806
2024-10-27 13:36:59,NFTfi,3399.87,30,9460
2024-10-26 23:38:11,Blur Blend,50745.09,19,3952
2024-10-26 06:06:35,Blur Blend,12206.7,5.1,4843
2024-10-25 03:11:11,Blur Blend,54292.02,23.9,5838
2024-10-25 02:58:59,Blur Blend,12455.25,5,4843
2024-10-24 04:56:23,NFTfi,3471.14,34.95,9461
2024-10-24 03:23:35,NFTfi,3468.72,34.95,3833
2024-10-24 03:18:35,NFTfi,3469.97,34.95,4005
2024-10-24 03:17:23,NFTfi,3469.97,34.95,3389
2024-10-24 03:15:11,NFTfi,3469.97,34.95,8021
2024-10-24 03:14:11,NFTfi,3471.7,34.95,8065
2024-10-24 03:09:35,NFTfi,3471.37,34.95,4226
2024-10-22 20:45:23,Blur Blend,13001.71,5,4843
2024-10-21 22:58:59,NFTfi,3481.28,39,5668
2024-10-21 22:57:47,NFTfi,3588.4,39.99,2768
2024-10-21 22:56:35,NFTfi,3588.4,39.99,1266
2024-10-21 21:00:23,NFTfi,3399.35,29.5,7932
2024-10-21 11:44:59,Blur Blend,13381.03,5,4843
2024-10-21 03:23:59,Blur Blend,67279.48,53.3,5042
2024-10-20 23:12:59,Blur Blend,67360.21,945,8120
2024-10-20 22:37:47,Blur Blend,62712.71,27,9729
2024-10-18 18:14:59,Blur Blend,28423.2,9,4843
2024-10-16 15:59:11,Blur Blend,62526,29,3480
2024-10-16 12:11:23,Blur Blend,14528.05,8.3,2067
2024-10-16 00:03:35,Blur Blend,59898.9,27.9,1235
2024-10-15 20:50:35,Blur Blend,59290.78,24.9,3043
2024-10-15 20:48:35,Blur Blend,63010.81,25,5042
2024-10-15 14:09:59,Blur Blend,29639.78,13.2,9383
2024-10-15 08:37:47,Blur Blend,23279.62,8,2067
2024-10-14 16:08:59,Blur Blend,58377.42,29,423
2024-10-14 06:43:35,Blur Blend,32160.39,9.9,2067
2024-10-14 05:36:35,Blur Blend,13907.86,8.7,8795
2024-10-14 02:06:35,Blur Blend,30939.24,9.9,7042
2024-10-12 19:19:11,Blur Blend,41227.12,18.9,2067
2024-10-12 18:18:47,NFTfi,2000,20,9805
2024-10-12 16:30:35,Blur Blend,49665.29,19,2067
2024-10-10 14:25:59,Arcade,80000,18,5608
2024-10-07 01:25:11,Blur Blend,56641.13,26.9,5031
2024-10-06 22:48:23,Blur Blend,55729.75,25,9133
2024-10-04 08:44:47,Blur Blend,23760.54,9.8,2545
2024-10-03 17:05:11,Arcade,53354.48,18,8882
2024-10-03 16:58:23,Arcade,53461.89,18,9942
2024-10-03 16:48:47,Arcade,51087.08,14,9830
2024-10-02 21:17:23,Blur Blend,23563.7,9.8,2545
2024-10-02 18:15:11,Blur Blend,26232.44,6.9,4843
2024-10-02 01:16:35,Blur Blend,56340.4,27,4620
2024-10-01 17:41:23,Blur Blend,56729.32,27,3646
2024-10-01 17:32:47,Blur Blend,56510.79,27,3116
2024-10-01 17:20:11,Blur Blend,32239.17,13.8,4843
2024-10-01 17:01:23,Blur Blend,24930.16,6.8,2545
2024-10-01 16:24:23,Blur Blend,62377.38,38.8,3843
2024-10-01 16:18:23,Blur Blend,63214,39,3043
2024-10-01 16:17:35,Blur Blend,17725.21,4.9,4843
2024-10-01 16:09:59,Blur Blend,63248.75,39,5042
2024-10-01 16:05:23,Blur Blend,58188.85,27,2858
2024-09-30 18:39:47,Blur Blend,17856.82,6.9,2545
2024-09-30 12:22:47,Blur Blend,53258.92,14,3771
2024-09-30 12:10:35,Blur Blend,54832.37,14,7042
2024-09-30 12:09:35,Blur Blend,54364.99,14,8869
2024-09-30 12:07:23,Blur Blend,59598.97,77.9,7042
2024-09-30 11:59:47,Blur Blend,54813.75,13,7042
2024-09-30 11:10:35,Blur Blend,54275.6,13,2511
2024-09-30 11:09:35,Blur Blend,65214.75,39,3771
2024-09-27 15:15:35,Blur Blend,54139.03,15,2511
2024-09-27 14:40:59,Blur Blend,54239.75,15,3771
2024-09-26 15:51:11,Blur Blend,61110.77,21.9,1965
2024-09-24 02:34:11,Blur Blend,54326.6,14,2511
2024-09-23 00:56:11,Blur Blend,51999.2,12,8962
2024-09-23 00:40:23,Blur Blend,56593.12,14,8522
2024-09-23 00:30:47,Blur Blend,58903.96,23,8664
2024-09-23 00:25:47,Blur Blend,58785.81,21.9,4119
2024-09-23 00:05:23,Blur Blend,59141.61,21.9,9950
2024-09-20 23:31:11,Blur Blend,51340.69,14,3952
2024-09-20 14:54:47,Arcade,70000,18,7584
2024-09-19 17:35:47,Blur Blend,51433.86,12,2511
2024-09-17 16:12:23,Blur Blend,54406.34,24.9,4351
2024-09-17 16:06:23,Blur Blend,59614.25,39,4377
2024-09-17 15:07:35,Blur Blend,51595.5,12,5496
2024-09-17 15:05:23,Blur Blend,53940.75,19.9,4927
2024-09-17 14:39:23,Blur Blend,51385.06,12,9986
2024-09-17 13:06:59,Blur Blend,53314.92,19,1596
2024-09-16 21:01:59,Blur Blend,36537.62,22,1965
2024-09-16 20:38:11,Blur Blend,41170.15,18.9,1787
2024-09-16 03:02:47,Blur Blend,45560.2,19.9,3512
2024-09-11 00:57:23,Blur Blend,51886.21,10,3771
2024-09-10 22:58:35,Blur Blend,57227.39,27.2,3771
2024-09-10 14:49:47,Arcade,2300,28,3329
2024-09-09 15:08:35,Blur Blend,55053.08,10,3952
2024-09-09 02:26:35,Blur Blend,55257.51,11,3771
2024-09-09 01:57:47,Blur Blend,46256.9,10,1761
2024-09-09 01:46:47,Blur Blend,55706.91,11,4116
2024-09-08 22:08:23,Blur Blend,55175.75,11,8663
2024-09-08 18:14:59,Blur Blend,45504.05,15,7994
2024-09-08 04:01:59,Blur Blend,43015.65,15,1761
2024-09-07 22:49:59,Blur Blend,53737.85,11,9986
2024-09-07 22:48:47,Blur Blend,53737.85,11,5608
2024-09-05 21:30:35,Blur Blend,47502.2,11,9570
2024-09-05 05:42:11,Blur Blend,52941.4,10,4059
2024-09-05 04:35:59,Blur Blend,52842.46,10,4059
2024-09-04 13:54:35,Blur Blend,52615.11,11,7042
2024-09-04 13:42:47,Blur Blend,51180.01,11,3771
2024-09-04 00:47:11,Blur Blend,43800.08,21.9,4439
2024-09-04 00:18:35,Blur Blend,45793.34,20,1167
2024-09-03 19:48:59,Blur Blend,48978.02,21.9,4119
2024-09-03 18:25:23,Blur Blend,48828.87,25,8663
2024-09-03 18:01:35,Blur Blend,51054.64,22,9950
2024-09-03 17:59:11,Blur Blend,53479.63,20,5513
2024-09-03 17:53:23,Blur Blend,53512.54,11,9133
2024-09-03 17:51:35,Blur Blend,53512.54,11,7009
2024-09-02 10:56:35,Blur Blend,38116.35,10,1467
2024-09-02 09:01:59,Blur Blend,56582.7,10,3771
2024-09-01 22:49:11,Blur Blend,50452.48,10,8400
2024-09-01 22:47:59,Blur Blend,58020.35,19,1441
2024-09-01 22:02:47,Arcade,191529.8,12.19,4653
2024-09-01 17:27:35,Blur Blend,59088.62,19,7468
2024-09-01 14:32:23,Blur Blend,43987.68,11,5496
2024-09-01 08:59:59,Blur Blend,51697.15,11,7042
2024-09-01 04:44:11,Blur Blend,37378.99,9.9,7042
2024-09-01 02:57:23,Blur Blend,62141.66,11,7042
2024-08-28 12:33:59,Blur Blend,56523.55,12,3771
2024-08-28 01:28:59,Blur Blend,28208.68,9.7,3771
2024-08-27 23:55:11,Blur Blend,48821.26,15,6718
2024-08-27 07:55:59,Blur Blend,41145.63,14.7,5811
2024-08-27 05:15:23,Blur Blend,53354.4,10,7042
2024-08-27 05:13:47,Blur Blend,58783.67,10,7274
2024-08-26 08:38:59,Blur Blend,65814,29,6718
2024-08-26 04:20:47,Blur Blend,40901.7,9.9,7042
2024-08-26 02:53:23,Blur Blend,32663.62,9.9,7274
2024-08-25 10:10:59,Blur Blend,46957.47,15,7274
2024-08-25 06:25:23,Blur Blend,56331.34,19,6288
2024-08-25 06:22:47,Blur Blend,56298.7,19,9028
2024-08-25 06:21:23,Blur Blend,56298.7,19,2645
2024-08-24 00:13:47,Blur Blend,50541.85,18.9,9899
2024-08-22 21:59:47,Blur Blend,46835.17,23.9,4439
2024-08-22 21:50:35,Blur Blend,49352.44,19.9,4134
2024-08-22 21:38:23,Blur Blend,52497.8,20,1246
2024-08-22 21:35:59,Blur Blend,52497.8,20,4575
2024-08-22 21:25:11,Blur Blend,46730.81,17.9,5496
2024-08-22 21:06:59,Blur Blend,52453.8,20,2718
2024-08-22 21:05:11,Blur Blend,46788.79,10,1167
2024-08-22 20:41:59,Blur Blend,46636.61,10,4987
2024-08-21 01:04:35,Blur Blend,30374.02,9.9,8635
2024-08-20 13:49:11,Blur Blend,27815.83,10,7274
2024-08-19 04:51:35,Blur Blend,27713.19,9.9,7274
2024-08-19 04:43:47,Blur Blend,34066.45,9.9,2638
2024-08-13 03:49:11,Blur Blend,27644,10,2407
2024-08-12 03:59:35,Blur Blend,40006.3,10,2171
2024-08-10 02:42:59,Blur Blend,38554.37,10,9259
2024-08-09 00:23:11,Blur Blend,42447.73,25,4371
2024-08-08 17:42:35,Blur Blend,13963.88,9.8,8795
2024-08-08 13:20:35,Blur Blend,39265.84,25,7688
2024-08-08 02:46:47,Blur Blend,46489.67,29,4439
2024-08-08 02:07:35,Blur Blend,31612.33,10.2,1906
2024-08-08 02:05:59,Blur Blend,31612.33,10.2,6465
2024-08-08 02:03:35,Blur Blend,31620.24,10.2,6181
2024-08-08 02:00:47,Blur Blend,31620.22,10.2,5123
2024-08-08 01:58:35,Blur Blend,31593.26,10.2,7200
2024-08-08 01:56:47,Blur Blend,31593.26,10.2,8202
2024-08-08 01:50:23,Blur Blend,31524.4,10.2,6950
2024-08-08 01:40:35,Blur Blend,30989.88,10.2,6279
2024-08-08 01:38:47,Blur Blend,30922.41,10.2,5457
2024-08-08 01:37:47,Blur Blend,30073.08,9,6685
2024-08-08 01:23:11,Blur Blend,30978.88,10.2,1417
2024-08-07 21:06:59,Blur Blend,42153.6,27,4625
2024-08-07 14:31:59,Blur Blend,33368.19,10,2638
2024-08-07 14:16:23,Blur Blend,13209.3,7.5,8795
2024-08-07 13:47:35,Blur Blend,41667.46,27.7,8963
2024-08-07 13:24:35,Blur Blend,41812.35,27.7,4575
2024-08-07 11:59:23,Blur Blend,42270.84,27.7,5032
2024-08-07 11:50:23,Blur Blend,42230.89,27.7,4350
2024-08-07 11:22:23,Blur Blend,44862.26,28,4134
2024-08-07 11:08:11,Blur Blend,42162.3,23.9,9259
2024-08-07 11:02:47,Blur Blend,45023.27,28,2704
2024-08-07 10:49:47,Blur Blend,45324.93,28,1246
2024-08-07 08:48:59,Blur Blend,30078.22,14.9,2638
2024-08-07 08:46:23,Blur Blend,41536.58,23.9,2645
2024-08-07 08:44:59,Blur Blend,37530.6,10,9028
2024-08-07 08:44:35,Blur Blend,36629.87,10,6288
2024-08-07 03:44:11,Blur Blend,39911.51,10,6685
2024-08-06 18:59:59,Blur Blend,46331.4,28,9986
2024-08-06 18:00:35,Blur Blend,49978.8,39,1167
2024-08-06 17:52:23,Blur Blend,50076.8,39,8400
2024-08-06 16:16:35,Blur Blend,50571,39,8409
2024-08-06 14:01:59,Blur Blend,43854.47,29,5496
2024-08-06 13:53:11,Blur Blend,43608.5,29,2718
2024-08-06 09:59:35,Blur Blend,13293.61,7.3,8795
2024-08-06 09:56:47,Blur Blend,31845.7,10.4,1906
2024-08-06 09:55:59,Blur Blend,31845.7,10.4,6465
2024-08-06 09:53:47,Blur Blend,31942.25,10.4,6181
2024-08-06 09:53:23,Blur Blend,31942.25,10.4,5123
2024-08-06 09:50:35,Blur Blend,31942.25,10.4,7200
2024-08-06 09:47:47,Blur Blend,31924.5,10.4,8202
2024-08-06 09:47:23,Blur Blend,31924.5,10.4,5457
2024-08-06 09:43:59,Blur Blend,31829.76,10.4,6950
2024-08-06 09:42:59,Blur Blend,31829.76,10.4,6279
2024-08-06 09:42:35,Blur Blend,31829.76,10.4,1417
2024-08-06 09:41:23,Blur Blend,31829.76,10.4,2167
2024-08-06 05:15:11,Blur Blend,42469.23,73,8409
2024-08-06 03:40:35,Blur Blend,47804.63,75,8663
2024-08-06 03:35:35,Blur Blend,44960.98,15,1596
2024-08-06 03:32:11,Blur Blend,44927.06,15,5292
2024-08-06 02:10:59,Blur Blend,45398.1,30,9899
2024-08-05 20:51:11,Blur Blend,43832.52,15,4927
2024-08-05 07:52:23,Blur Blend,35459.77,8,1467
2024-08-05 00:30:59,Blur Blend,36385.42,8,4113
2024-08-04 21:54:35,Blur Blend,55457.89,49,8858
2024-08-04 21:52:59,Blur Blend,41044.33,8,8858
2024-08-04 13:30:47,Blur Blend,58971.68,49,9950
2024-08-04 10:08:23,Blur Blend,49433.27,8,2188
2024-08-04 06:09:35,Blur Blend,54896.25,52,4927
2024-08-03 13:11:11,Blur Blend,45094.35,8,2171
2024-08-03 12:57:47,Blur Blend,45095.25,8,4116
2024-08-03 12:36:47,Blur Blend,50881.55,10,4116
2024-08-03 05:34:35,Blur Blend,53343.06,23.8,9899
2024-08-03 04:17:59,Blur Blend,53460.49,24,4116
2024-08-02 18:22:35,Blur Blend,60348.35,40,9950
2024-08-02 12:49:47,Blur Blend,65844.01,29,8663
2024-08-02 12:49:47,Blur Blend,65841.75,29,8400
2024-08-02 11:14:35,Blur Blend,56364.23,10,2171
2024-08-01 06:20:47,Blur Blend,77451.45,173,8869
2024-08-01 01:56:35,Blur Blend,67381.62,23.9,2958
2024-07-31 23:15:11,Blur Blend,67763.6,23.9,1228
2024-07-31 23:05:23,Blur Blend,67848.99,23.9,8400
2024-07-31 22:00:11,Blur Blend,67843.13,23.9,2718
2024-07-31 21:49:47,Blur Blend,67679.25,23.9,8663
2024-07-31 17:22:35,Blur Blend,72593.84,24.9,4927
2024-07-31 16:02:47,Blur Blend,76001.2,25,1366
2024-07-31 02:22:47,Blur Blend,48211.32,9.9,2171
2024-07-29 22:47:23,Blur Blend,56287.59,14.9,9962
2024-07-29 22:34:59,Blur Blend,69996.19,19,1167
2024-07-28 01:52:35,Blur Blend,13286.52,4.9,1417
2024-07-27 17:23:59,Blur Blend,61719.27,10,6181
2024-07-27 17:23:11,Blur Blend,61719.27,10,5123
2024-07-26 01:46:59,Blur Blend,58689.27,10,4113
2024-07-25 15:56:23,Blur Blend,68547.73,15,9986
2024-07-25 13:21:59,Blur Blend,67326.56,15,5496
2024-07-24 23:14:59,Blur Blend,72619.46,15,8663
2024-07-24 23:09:47,Blur Blend,69671.99,10,2741
2024-07-24 22:44:35,Blur Blend,69775.6,10,8353
2024-07-24 14:17:35,Blur Blend,71989.81,10,1596
2024-07-24 13:18:47,Blur Blend,75333.7,15,1467
2024-07-22 18:21:23,Blur Blend,72684.45,12,4119
2024-07-22 18:15:59,Blur Blend,74396.56,12,5496
2024-07-22 13:27:47,Blur Blend,83497.95,38,8869
2024-07-21 08:50:11,Blur Blend,76099.37,18.9,1366
2024-07-21 08:07:59,Blur Blend,69529.76,12,7195
2024-07-19 21:16:11,Blur Blend,83623.44,29,8869
2024-07-18 10:22:35,Blur Blend,75021.73,12,1366
2024-07-15 02:17:23,Blur Blend,68588.37,15,7942
2024-07-14 02:46:47,Blur Blend,29438.52,10,6279
2024-07-14 02:42:47,Blur Blend,62943.39,10,6950
2024-07-14 02:41:59,Blur Blend,62943.39,10,5457
2024-07-14 02:40:59,Blur Blend,62943.39,10,6465
2024-07-14 02:39:11,Blur Blend,62948.55,10,1417
2024-07-14 01:03:35,Blur Blend,63204.36,10,2167
2024-07-13 11:39:59,Blur Blend,72426.3,27.9,9899
2024-07-12 12:08:35,Blur Blend,65289,20,6693
2024-07-12 09:29:59,Blur Blend,70740.18,19,4341
2024-07-10 17:33:47,Blur Blend,82028.23,99,9899
2024-07-09 22:08:23,Blur Blend,24478.72,5.1,4113
2024-07-08 18:08:11,Blur Blend,59686.54,15,1358
2024-07-08 18:07:23,Blur Blend,65329.74,20,3646
2024-07-08 18:06:11,Blur Blend,59328.24,15,9826
2024-07-08 14:08:59,Blur Blend,57525.38,15,5032
2024-07-08 14:07:59,Blur Blend,60166.38,15,4377
2024-07-08 14:06:47,Blur Blend,60318.17,15,2903
2024-07-08 14:00:35,Blur Blend,60289.36,15,7586
2024-07-08 13:46:11,Blur Blend,60328.5,15,4581
2024-07-08 02:49:23,Blur Blend,57786.76,15,4568
2024-07-08 02:30:23,Blur Blend,60278.86,20,2903
2024-07-08 02:30:23,Blur Blend,60556.47,20,4581
2024-07-08 02:27:35,Blur Blend,59741.04,20,1358
2024-07-08 02:27:35,Blur Blend,60506,20,4377
2024-07-08 02:27:35,Blur Blend,59759.17,20,5032
2024-07-07 23:06:11,Blur Blend,53510.99,19,3637
2024-07-07 15:46:11,Blur Blend,62492.08,15,4581
2024-07-07 05:05:23,Blur Blend,63385.42,15,2903
2024-07-06 15:55:11,Blur Blend,78733.2,89,7789
2024-07-06 12:31:11,Blur Blend,62562.24,15,1358
2024-07-05 18:56:59,Blur Blend,62996.15,15,4377
2024-07-05 18:47:47,Blur Blend,62129.81,15,5032
2024-07-04 19:49:23,Blur Blend,78536.64,79,4566
2024-07-04 19:41:59,Blur Blend,68792.72,20,2704
2024-07-04 00:25:59,Blur Blend,79108.7,39,3646
2024-07-02 19:54:47,Blur Blend,84398.44,79,8869
2024-06-30 18:15:11,Blur Blend,36704.48,13.5,4113
2024-06-26 04:35:59,Arcade,67873.8,10,7274
2024-06-24 16:01:59,Blur Blend,48807.89,19,6279
2024-06-24 15:59:23,Blur Blend,55177.32,19,5457
2024-06-22 16:31:35,Blur Blend,41991.46,14.5,9367
2024-06-21 18:17:47,Blur Blend,66070.83,20,1417
2024-06-20 21:35:59,Blur Blend,68787.42,998.7,9367
2024-06-20 11:33:59,Blur Blend,72181.6,39,3290
2024-06-20 10:06:11,Blur Blend,67825.8,28.9,1417
2024-06-19 06:34:11,Blur Blend,59374.85,20,6465
2024-06-19 06:33:35,Blur Blend,59374.85,20,6950
2024-06-19 04:12:35,Blur Blend,59018.88,20,9793
2024-06-18 20:44:11,Blur Blend,33076.13,18.4,2535
2024-06-14 22:03:23,Blur Blend,38281.37,15,4113
2024-06-14 21:58:23,Blur Blend,48299.93,14.9,4113
2024-06-13 13:11:59,Blur Blend,65915.7,14.9,1417
2024-06-13 13:08:23,Blur Blend,65940.41,14.9,2167
2024-06-13 13:06:23,Blur Blend,65940.41,15,5123
2024-06-13 13:05:35,Blur Blend,65940.41,14.9,6279
2024-06-13 11:10:59,Blur Blend,73942.81,20,9793
2024-06-12 11:12:11,Blur Blend,77786.05,120,1467
2024-06-11 07:11:59,Blur Blend,75199.5,20,9793
2024-06-11 00:06:23,Blur Blend,40055.54,14.9,9793
2024-06-09 12:08:11,Blur Blend,84926.96,19.9,8869
2024-06-02 10:47:47,Blur Blend,86654.78,15,1417
2024-06-02 10:43:11,Blur Blend,86624.77,15,6465
2024-05-29 03:16:11,Blur Blend,113107.39,300,8869
2024-05-24 23:25:23,Blur Blend,74720.8,108.9,5284
2024-05-22 23:48:47,Blur Blend,22431.41,14.9,6181
2024-05-20 23:36:11,Blur Blend,90690.68,14.9,6950
2024-05-20 23:34:35,Blur Blend,90605.05,15,5457
2024-05-20 23:33:59,Blur Blend,90605.05,14.9,1417
2024-05-18 16:37:47,Blur Blend,75700.82,14.9,7975
2024-05-18 15:25:59,Blur Blend,83849.85,14.9,1495
2024-05-17 19:03:35,Blur Blend,58845.84,14.9,2535
2024-05-17 15:12:23,Blur Blend,53202.97,15,9259
2024-05-16 04:05:59,Blur Blend,57651.96,34.9,9259
2024-05-13 15:09:47,Blur Blend,93726.86,180,9827
2024-05-10 14:41:59,Blur Blend,80396.82,14.9,2167
2024-05-10 14:41:11,Blur Blend,80396.82,15,6279
2024-05-10 14:39:47,Blur Blend,80668.98,14.9,6181
2024-05-07 20:33:11,Blur Blend,18197.3,15,5383
2024-05-07 13:23:47,Blur Blend,32790.88,14.9,9068
2024-05-06 07:18:59,Blur Blend,49144.63,14.9,7327
2024-05-02 14:59:59,Blur Blend,26494.59,14.9,5383
2024-05-02 14:48:11,Blur Blend,73309.74,79.9,5383
2024-05-01 11:43:35,Blur Blend,68730.7,14.9,6950
2024-04-30 15:00:23,Blur Blend,42185.21,14.9,7939
2024-04-30 03:57:11,Blur Blend,76129.47,14.9,8597
2024-04-26 19:01:47,Blur Blend,60522.07,38.9,2535
2024-04-24 14:53:35,Blur Blend,54171.02,43.8,7939
2024-04-22 12:05:35,Blur Blend,78732.55,29,1716
2024-04-20 13:41:11,Arcade,230151,12,5818
2024-04-10 13:29:35,Blur Blend,64722.23,9,1906
2024-04-10 13:28:47,Blur Blend,63966.85,9,1818
2024-04-08 03:46:47,Blur Blend,105205.25,32,1417
2024-04-08 03:01:35,Blur Blend,86579.45,31.8,717
2024-04-07 13:55:59,Blur Blend,63769.62,33,6279
2024-04-06 19:28:23,Blur Blend,106790.92,38,1716
2024-04-05 13:52:35,Blur Blend,104389.33,22.8,1716
2024-04-02 15:38:35,Blur Blend,81573.72,20,9259
2024-04-02 14:15:23,Blur Blend,94651.57,20,9259
2024-03-31 02:54:35,Blur Blend,114559.92,43.7,6465
2024-03-31 02:53:59,Blur Blend,121914.38,45,6279
2024-03-29 18:02:11,Blur Blend,68667.66,39.9,5457
2024-03-29 18:00:11,Blur Blend,69610.71,39.9,5123
2024-03-29 17:59:23,Blur Blend,83144.66,44,1906
2024-03-29 17:58:47,Blur Blend,82900.33,43.9,1818
2024-03-29 17:58:35,Blur Blend,82900.33,43.9,1417
2024-03-29 17:55:23,Blur Blend,82900.33,43.9,2167
2024-03-29 14:08:59,Blur Blend,53380.29,37.9,7327
2024-03-28 17:24:35,Blur Blend,136904.29,29,3330
2024-03-27 03:25:11,Blur Blend,33468.91,8.9,7975
2024-03-27 02:45:35,Blur Blend,88901.12,9,4113
2024-03-26 07:06:59,Blur Blend,102738.66,18.9,7802
2024-03-26 02:22:11,Blur Blend,40067,9,4113
2024-03-24 21:50:47,Blur Blend,39888.64,23.9,4113
2024-03-23 21:16:59,Blur Blend,141483.8,54,7802
2024-03-22 10:28:47,Arcade,138381.6,10,6626
2024-03-20 02:27:47,Blur Blend,52495.27,38.9,7975
2024-03-18 15:33:11,Blur Blend,20042.79,23.9,7975
2024-03-16 22:40:35,Blur Blend,70710.76,38.9,7975
2024-03-15 03:31:35,Arcade,295872.8,13,4246
2024-03-14 19:30:23,Blur Blend,40459.92,19.8,9383
2024-03-14 04:45:47,Blur Blend,70493.77,38.9,9383
2024-03-14 00:59:11,Blur Blend,41881.14,19.8,4113
2024-03-13 02:40:47,Blur Blend,66041.65,31.8,3637
2024-03-11 21:10:35,Blur Blend,165581.74,33,3330
2024-03-11 06:05:23,Blur Blend,19194.07,19.9,1409
2024-03-10 11:05:59,Blur Blend,32176.12,34.7,1409
2024-03-09 21:06:47,Blur Blend,38749.49,16.3,9954
2024-03-08 13:50:11,Blur Blend,119269.81,30.9,8597
2024-03-08 12:50:23,Blur Blend,84631.59,30.9,1409
2024-03-08 12:47:23,Blur Blend,101849.63,30.9,1409
2024-03-08 03:30:59,Blur Blend,167484.01,37,9981
2024-03-08 03:29:35,Blur Blend,174501.33,150,3637
2024-03-06 22:11:11,Blur Blend,152428.72,33,7975
2024-03-06 08:46:11,Arcade,168899.72,10,9899
2024-03-06 08:41:35,Arcade,169840.88,10,8646
2024-03-05 21:01:59,Arcade,150393.76,10,6358
2024-03-04 15:24:59,Blur Blend,167106.15,30,5196
2024-03-04 00:42:11,Blur Blend,150673.44,37,7802
2024-03-03 17:00:35,Blur Blend,148572.04,29,7975
2024-03-02 18:30:11,Blur Blend,119248.35,48.5,7975
2024-03-02 01:12:11,Blur Blend,105942.53,33.9,7975
2024-03-01 12:32:23,Blur Blend,121844.76,19.8,8518
2024-02-29 21:28:23,Blur Blend,35429.48,33.8,7975
2024-02-28 23:48:47,Arcade,145222.18,12,7054
2024-02-27 09:21:23,Blur Blend,12916.44,10.7,1409
2024-02-25 18:07:23,Blur Blend,72840.04,29.2,7975
2024-02-25 18:06:23,Blur Blend,72840.04,29.1,7802
2024-02-25 06:38:11,Blur Blend,106056.57,48.7,7802
2024-02-24 22:41:11,Arcade,89789.7,10,6169
2024-02-24 20:39:23,Blur Blend,89554.15,47.9,7975
2024-02-23 21:21:35,Blur Blend,59294.4,29.4,7802
2024-02-23 15:24:23,Blur Blend,31148.35,29.4,1409
2024-02-23 15:18:47,Blur Blend,77967,29.4,1409
2024-02-21 21:04:23,Blur Blend,107236.57,29.7,7975
2024-02-21 17:47:11,Blur Blend,73910.43,29.6,1409
2024-02-21 01:21:23,Blur Blend,56638.28,19.9,4113
2024-02-20 03:17:47,Blur Blend,44008.46,18.9,14
2024-02-17 07:42:11,Blur Blend,43587.77,73.9,14
2024-02-16 22:42:59,Blur Blend,108858.36,29.9,7802
2024-02-16 11:50:23,Blur Blend,2631.42,10.8,5566
2024-02-15 13:23:47,Blur Blend,85472.09,37,8597
2024-02-15 02:18:11,Blur Blend,52853.46,29.9,4113
2024-02-15 00:41:23,Blur Blend,109657.47,29.9,14
2024-02-14 19:47:23,Blur Blend,107455.92,29.9,7802
2024-02-13 23:53:47,Blur Blend,118671.3,25,7802
2024-02-12 19:19:11,Blur Blend,118109.7,25,7802
2024-02-10 16:05:23,Blur Blend,11740.71,15,7802
2024-02-10 12:20:35,Blur Blend,114547.82,60,1928
2024-02-10 03:46:11,Blur Blend,106281.71,45,14
2024-02-06 17:31:47,Blur Blend,110795.92,35,2118
2024-02-06 02:17:47,Blur Blend,46128.76,15,14
2024-02-06 02:16:23,Blur Blend,46128.76,14.9,7802
2024-02-05 08:43:59,Blur Blend,63870.54,18.9,14
2024-02-05 03:45:11,Blur Blend,63178.33,18.9,7802
2024-02-04 18:01:11,Blur Blend,64014.71,18.9,7802
2024-02-03 20:13:11,Blur Blend,63792.08,18.9,7802
2024-02-03 09:33:11,Blur Blend,87233.13,11.5,1716
2024-02-03 00:36:23,Blur Blend,87091.9,11,14
2024-01-29 01:58:11,Blur Blend,79317.85,41,4351
2024-01-28 23:46:23,Blur Blend,106145.2,40,2118
2024-01-28 08:08:59,Blur Blend,63293.17,18.9,14
2024-01-27 06:01:11,Blur Blend,78771.14,16.8,14
2024-01-27 04:25:11,Blur Blend,63469.71,16.7,9259
2024-01-26 22:14:47,Blur Blend,78534.28,16.7,14
2024-01-26 08:40:11,Blur Blend,85495.61,11,7802
2024-01-25 21:42:23,Blur Blend,96362.45,11,14
2024-01-25 20:21:59,Blur Blend,77501.45,10.9,8597
2024-01-24 23:32:23,Blur Blend,86320.67,10.9,7802
2024-01-24 23:07:59,Arcade,97832.24,10,2666
2024-01-24 20:25:59,Arcade,111005,15,5446
2024-01-24 06:04:35,Blur Blend,83657.3,19.9,7802
2024-01-22 15:36:47,Blur Blend,79632.12,16.7,3960
2024-01-22 15:35:23,Blur Blend,72427.2,16.7,2535
2024-01-22 14:14:35,Blur Blend,47487.95,16.7,7865
2024-01-22 00:59:59,Blur Blend,92459.79,19.9,7802
2024-01-20 04:08:23,Blur Blend,93346.14,19.9,14
2024-01-19 09:25:35,Blur Blend,71830.25,16.7,7802
2024-01-18 23:20:11,Blur Blend,91611.22,20,7802
2024-01-18 14:42:47,Blur Blend,75664.8,16.7,8869
2024-01-18 10:15:47,Blur Blend,85849.71,16.7,9976
2024-01-18 10:14:35,Blur Blend,85904.19,11,7939
2024-01-17 21:56:35,Blur Blend,100263.21,19.9,7802
2024-01-17 19:21:59,Blur Blend,63787.58,10,8869
2024-01-17 02:45:23,Blur Blend,103126.53,39.9,7802
2024-01-12 11:48:23,Blur Blend,87087.72,14.9,2888
2024-01-11 18:35:59,Blur Blend,99318.87,24.8,6631
2024-01-11 13:54:11,Blur Blend,102014.1,24.8,4531
2024-01-11 13:27:47,Blur Blend,102500.07,24.8,8966
2024-01-11 12:59:35,Blur Blend,102264.43,24.7,4568
2024-01-11 01:22:47,Blur Blend,75792.42,17.7,7939
2024-01-11 00:48:47,Arcade,82590.4,11.99,9244
2024-01-10 04:12:23,Blur Blend,55009.9,17.9,5566
2024-01-10 01:35:23,Blur Blend,94367,25,8742
2024-01-09 15:16:47,Blur Blend,89884.24,25,4376
2024-01-09 11:57:35,Blur Blend,45829.94,17.9,7865
2024-01-09 11:22:47,Blur Blend,46327.07,17.9,7865
2024-01-07 19:10:23,Blur Blend,38083.83,14.9,14
2024-01-07 00:15:11,Blur Blend,36927.03,14.7,9976
2024-01-07 00:05:23,Blur Blend,45614.62,18.7,7865
2024-01-06 03:00:11,Blur Blend,49641.68,14,8409
2024-01-02 05:35:35,Blur Blend,81579.76,26,8518
2024-01-01 21:04:11,Blur Blend,61445.78,21.8,717
2024-01-01 20:51:35,Blur Blend,116494.81,279.9,5672
2024-11-27 09:20:35,Gondi,2750000.00,17.00,8348
2024-02-02 19:33:23,Gondi,1000000.00,14.00,8219
2024-03-23 20:47:35,Gondi,600000.00,19.00,6784
2024-12-17 01:10:59,Gondi,317728.00,13.69,8968
2024-12-26 18:26:11,Gondi,266646.40,10.94,5818
2024-11-21 22:37:59,Gondi,252546.75,13.50,4589
2024-11-22 01:21:47,Gondi,249561.00,13.00,8581
2024-11-21 21:47:59,Gondi,240806.88,12.90,6336
2024-11-21 17:23:59,Gondi,233037.00,14.99,5218
2024-05-06 03:06:59,Gondi,225001.48,13.00,5218
2024-07-05 15:25:59,Gondi,224250.00,15.00,6336
2024-05-04 14:28:23,Gondi,219055.20,14.50,1644
2024-05-04 14:08:11,Gondi,219043.30,14.50,4589
2024-07-08 01:13:47,Gondi,215072.25,15.00,8581
2024-08-27 18:58:59,Gondi,206768.00,14.99,8713
2024-03-01 16:26:35,Gondi,203820.60,12.00,4822
2024-02-27 19:57:11,Gondi,200000.00,11.50,8713
2024-03-11 16:36:47,Gondi,181631.25,14.99,8491
2024-03-13 23:39:35,Gondi,180076.50,14.99,9887
2024-06-24 16:23:59,Gondi,180000.00,18.00,6912
2024-05-09 03:51:47,Gondi,180000.00,15.00,6151
2024-05-26 15:36:23,Gondi,180000.00,16.00,4246
2024-11-22 16:38:47,Gondi,180000.00,15.00,6151
2024-07-21 18:56:35,Gondi,180000.00,13.25,6912
2024-03-14 05:32:35,Gondi,178179.75,14.99,7962
2024-03-09 03:17:59,Gondi,176907.60,12.00,2704
2024-03-09 13:47:23,Gondi,175625.02,12.00,2755
2024-09-09 17:22:23,Gondi,175522.50,15.00,1644
2024-03-30 18:21:35,Gondi,175000.00,19.00,5684
2024-03-07 23:26:23,Gondi,174061.80,14.99,6203
2024-10-25 23:01:23,Gondi,172867.80,13.60,5218
2024-05-20 17:50:23,Gondi,172468.45,15.00,3698
2024-03-10 07:09:47,Gondi,170022.86,14.50,1385
2024-03-08 21:47:47,Gondi,169147.81,13.00,9447
2024-02-01 03:48:11,Gondi,167345.08,15.99,6336
2024-02-10 21:11:23,Gondi,165000.00,14.50,6472
2024-03-11 15:47:47,Gondi,161810.40,19.99,4269
2024-10-15 17:12:11,Gondi,160000.00,17.00,5473
2024-03-13 15:51:23,Gondi,158876.40,17.99,8210
2024-03-10 07:11:35,Gondi,158051.20,15.99,1508
2024-03-07 23:31:11,Gondi,154758.80,16.00,1569
2024-03-07 23:34:23,Gondi,154758.80,16.00,1452
2024-03-07 23:28:47,Gondi,154721.60,16.00,5991
2024-03-07 23:29:59,Gondi,154721.60,16.00,1949
2024-03-03 12:12:35,Gondi,153983.70,14.99,6530
2024-06-01 23:59:59,Gondi,152734.80,15.00,4336
2024-03-22 10:20:35,Gondi,152265.08,11.00,5611
2024-08-05 16:54:59,Gondi,150000.00,15.00,7488
2024-10-06 01:12:11,Gondi,144657.60,15.00,2704
2024-06-03 14:49:23,Gondi,143840.26,15.00,7686
2024-08-07 19:04:59,Gondi,140816.40,15.00,2704
2024-03-29 20:25:47,Gondi,140214.40,17.00,7796
2024-03-29 19:53:59,Gondi,140017.20,19.99,2888
2024-02-21 15:33:11,Gondi,139768.32,13.50,4784
2024-02-29 07:47:59,Gondi,138650.80,19.99,4074
2024-04-01 16:14:11,Gondi,138330.00,13.99,8409
2024-12-06 19:03:35,Gondi,137939.02,15.00,7994
2024-04-30 00:16:47,Gondi,137897.56,12.50,4822
2024-03-02 21:39:35,Gondi,136620.80,17.99,9407
2024-05-28 12:15:23,Gondi,136245.20,15.00,3801
2024-02-21 06:04:35,Gondi,134236.35,12.00,14
2024-03-20 14:31:23,Gondi,134150.00,17.99,3297
2024-02-22 12:50:59,Gondi,134122.05,13.00,8632
2024-03-20 13:59:23,Gondi,133792.40,17.99,9596
2024-03-20 14:11:35,Gondi,133748.00,17.99,8024
2024-03-18 18:26:35,Gondi,133123.50,27.50,7796
2024-03-30 04:16:23,Gondi,133088.92,16.98,2758
2024-06-01 06:14:59,Gondi,132474.65,15.00,6240
2024-04-25 09:26:59,Gondi,132034.56,15.00,9170
2024-05-30 00:57:47,Gondi,131774.30,15.00,4822
2024-02-03 22:16:47,Gondi,131247.63,15.50,6489
2024-12-31 18:57:11,Gondi,130000.00,18.00,9707
2024-12-31 16:28:23,Gondi,129507.42,13.50,6240
2024-06-04 15:22:47,Gondi,129006.88,15.00,7139
2024-04-08 18:47:59,Gondi,127497.98,12.00,7009
2024-08-05 17:56:59,Gondi,125000.00,15.00,4987
2024-02-14 19:50:11,Gondi,124069.95,15.00,7994
2024-02-17 16:18:23,Gondi,123991.65,13.50,7943
2024-07-19 21:59:47,Gondi,123060.70,15.00,5699
2024-04-01 23:15:35,Gondi,122936.45,15.00,2429
2024-09-03 21:33:59,Gondi,122782.50,15.00,6240
2024-03-20 22:06:47,Gondi,122540.60,10.20,6792
2024-03-18 19:28:47,Gondi,122501.40,10.20,7036
2024-03-20 21:56:59,Gondi,122357.55,10.20,6401
2024-03-20 21:48:23,Gondi,122267.95,10.20,1149
2024-03-18 19:58:35,Gondi,122256.05,10.20,7143
2024-06-01 20:51:23,Gondi,121773.76,15.00,6489
2024-05-31 12:07:11,Gondi,121678.08,15.00,5136
2024-08-05 18:55:35,Gondi,120000.00,15.00,7587
2024-09-04 20:54:47,Gondi,120000.00,15.00,3039
2024-09-17 19:09:23,Gondi,117515.50,15.00,4822
2024-04-06 21:07:35,Gondi,117034.49,12.00,4429
2024-08-05 18:23:11,Gondi,115000.00,15.00,5838
2024-12-04 18:04:11,Gondi,114531.30,13.37,2156
2024-12-12 01:45:47,Gondi,114406.80,13.79,1167
2024-04-05 11:46:23,Gondi,114293.55,15.00,6170
2024-07-01 16:22:23,Gondi,111135.04,15.00,5235
2024-12-14 14:55:11,Gondi,110241.81,13.79,4382
2024-10-03 18:51:23,Gondi,110207.01,15.00,6320
2024-06-30 23:20:35,Gondi,110123.52,15.00,5136
2024-07-02 00:26:35,Gondi,110023.68,15.00,7685
2024-06-04 15:36:59,Gondi,110000.00,15.00,6320
2024-04-07 21:23:11,Gondi,108983.36,12.00,5084
2024-12-03 23:16:59,Gondi,108793.20,12.98,6820
2024-12-03 23:13:59,Gondi,108666.30,13.37,3459
2024-10-20 22:03:35,Gondi,108586.00,15.00,2973
2024-12-09 01:19:11,Gondi,107131.95,14.99,6945
2024-12-13 19:29:47,Gondi,105892.38,13.65,6694
2024-12-14 14:47:23,Gondi,104946.30,13.65,1596
2024-12-17 23:52:11,Gondi,104920.11,14.99,3459
2024-12-14 14:43:23,Gondi,104862.06,13.65,9942
2024-10-17 13:51:11,Gondi,104557.20,15.00,8962
2024-09-24 15:31:59,Gondi,104480.40,15.00,4336
2024-12-26 00:40:11,Gondi,104418.00,15.00,1393
2024-07-26 16:59:47,Gondi,104118.72,12.00,7584
2024-10-17 18:39:11,Gondi,103480.40,15.00,6731
2024-12-11 15:24:11,Gondi,102189.87,14.99,9946
2024-08-06 01:21:23,Gondi,101682.00,15.00,1441
2024-08-13 14:22:11,Gondi,101505.22,13.50,7585
2024-10-25 03:48:59,Gondi,100987.60,15.00,7689
2024-12-11 14:47:59,Gondi,100845.27,14.99,9701
2024-09-09 17:49:11,Gondi,100731.37,15.00,7585
2024-01-04 21:50:59,Gondi,100227.16,12.00,5110
2024-03-12 15:16:47,Gondi,100000.00,22.00,634
2024-02-29 20:59:11,Gondi,100000.00,22.00,8812
2024-03-10 15:45:35,Gondi,100000.00,18.00,7056
2024-03-08 15:24:23,Gondi,100000.00,16.99,5523
2024-01-10 16:46:35,Gondi,99409.83,14.55,5292
2024-09-24 14:56:11,Gondi,99336.18,15.00,7686
2024-10-07 00:56:35,Gondi,99320.40,15.00,5513
2024-09-09 15:37:23,Gondi,98516.87,15.00,3698
2024-12-14 06:33:35,Gondi,98229.50,13.54,2457
2024-01-24 02:57:59,Gondi,97875.80,14.99,6309
2024-07-26 16:54:59,Gondi,97719.00,12.00,7189
2024-10-08 19:43:11,Gondi,97709.20,15.00,4382
2024-01-25 20:01:59,Gondi,97646.12,14.99,8742
2024-08-08 12:48:11,Gondi,97365.84,15.00,8400
2024-01-10 18:37:47,Gondi,97317.60,15.99,9962
2024-01-10 18:32:35,Gondi,97310.40,15.99,8883
2024-12-19 02:38:59,Gondi,97091.19,14.99,4427
2024-01-10 16:51:23,Gondi,96909.20,15.99,1166
2024-01-10 16:53:11,Gondi,96909.20,15.99,9984
2024-01-10 16:54:35,Gondi,96909.20,15.99,4917
2024-01-10 16:57:59,Gondi,96863.60,15.99,4853
2024-01-10 16:56:23,Gondi,96863.60,15.99,9165
2024-12-11 13:32:35,Gondi,96841.68,14.00,7220
2024-12-26 18:41:59,Gondi,96597.84,15.00,1820
2024-06-06 05:55:59,Gondi,96268.25,19.98,1453
2024-10-03 19:19:11,Gondi,96138.85,15.00,6164
2024-04-22 04:28:23,Gondi,95892.60,12.00,7274
2024-12-19 21:22:35,Gondi,95520.04,12.50,2973
2024-01-10 01:30:35,Gondi,95369.60,15.99,8258
2024-01-10 01:28:35,Gondi,95288.00,16.99,8962
2024-03-28 17:16:35,Gondi,95000.00,16.00,543
2024-08-05 19:23:23,Gondi,94753.60,15.00,6164
2024-09-11 16:32:23,Gondi,93420.40,15.00,7139
2024-11-15 23:37:47,Gondi,93144.90,9.99,3190
2024-09-23 21:24:59,Gondi,92978.55,15.00,6489
2024-02-05 14:49:47,Gondi,92923.20,16.99,9527
2024-02-05 14:48:23,Gondi,92923.20,19.99,1956
2024-02-06 07:27:35,Gondi,92585.20,19.99,1976
2024-09-24 01:25:47,Gondi,92351.00,15.00,7488
2024-09-09 02:26:47,Gondi,92249.60,15.00,8791
2024-11-23 19:49:47,Gondi,92022.21,14.99,8124
2024-02-04 00:50:11,Gondi,92018.00,24.99,2789
2024-12-31 16:59:47,Gondi,91993.32,12.75,7587
2024-12-31 16:57:47,Gondi,91993.32,12.75,4987
2024-12-31 16:56:59,Gondi,91993.32,12.75,4134
2024-02-05 17:02:11,Gondi,91961.20,19.99,7517
2024-02-05 23:47:23,Gondi,91955.60,16.99,4074
2024-05-06 14:11:35,Gondi,91916.10,12.00,4377
2024-12-31 17:01:35,Gondi,91902.87,12.75,4341
2024-12-31 17:16:23,Gondi,91897.74,12.75,4138
2024-02-04 08:14:47,Gondi,91790.40,19.99,4833
2024-09-24 15:15:47,Gondi,91579.25,15.00,5235
2024-09-24 15:23:23,Gondi,91550.90,15.00,7685
2024-09-24 15:35:23,Gondi,91454.65,15.00,5136
2024-12-27 14:09:11,Gondi,91317.51,13.00,4429
2024-12-27 14:12:59,Gondi,91309.41,14.10,8882
2024-11-22 07:40:23,Gondi,91267.02,14.99,1938
2024-12-27 03:56:47,Gondi,91216.53,13.00,5838
2024-07-07 05:41:35,Gondi,91148.40,15.00,4119
2024-01-28 01:58:59,Gondi,91125.60,19.99,8812
2024-11-21 22:36:11,Gondi,90916.83,14.99,8476
2024-01-09 18:02:23,Gondi,90710.00,16.99,7688
2024-01-09 18:03:59,Gondi,90710.00,16.99,6164
2024-01-09 18:08:23,Gondi,90696.00,16.99,5531
2024-01-09 18:06:35,Gondi,90696.00,16.99,5143
2024-12-21 21:18:35,Gondi,90597.15,14.99,5229
2024-01-09 17:46:35,Gondi,90557.20,16.99,6321
2024-12-31 17:58:47,Gondi,90464.85,12.75,3423
2024-12-31 19:54:59,Gondi,90375.48,14.99,1241
2024-01-09 16:48:47,Gondi,90362.00,16.99,8965
2024-12-31 17:45:23,Gondi,90359.82,12.75,9945
2024-12-31 17:47:23,Gondi,90359.82,12.75,4917
2024-12-28 04:56:23,Gondi,90271.26,12.75,3181
2024-12-28 04:52:35,Gondi,90261.54,12.75,1313
2024-12-31 22:41:59,Gondi,90031.23,12.75,9823
2024-03-02 23:12:11,Gondi,90000.00,9.00,4742
2024-03-02 23:05:47,Gondi,90000.00,9.00,8656
2024-04-04 04:42:47,Gondi,90000.00,14.99,7278
2024-03-03 00:00:11,Gondi,90000.00,13.50,4798
2024-03-01 23:46:47,Gondi,90000.00,13.50,1873
2024-05-17 21:17:35,Gondi,90000.00,20.00,608
2024-03-09 20:31:35,Gondi,90000.00,22.00,5969
2024-04-02 03:01:47,Gondi,90000.00,15.99,2685
2024-02-28 09:11:47,Gondi,90000.00,13.50,8187
2024-02-29 15:59:35,Gondi,90000.00,9.00,9986
2024-03-15 16:57:47,Gondi,90000.00,20.00,1058
2024-03-28 17:44:35,Gondi,90000.00,14.99,6266
2024-06-18 05:46:23,Gondi,90000.00,16.25,827
2024-03-11 01:25:11,Gondi,90000.00,22.00,634
2024-02-29 16:01:59,Gondi,90000.00,9.00,8663
2024-11-12 15:08:59,Gondi,90000.00,15.00,1603
2024-03-03 00:41:47,Gondi,90000.00,9.00,9868
2024-11-25 17:35:23,Gondi,90000.00,15.00,7584
2024-12-28 01:58:35,Gondi,89875.71,12.75,705
2024-11-22 19:55:59,Gondi,88676.91,14.99,2511
2024-12-22 20:49:59,Gondi,88342.65,13.50,9729
2024-09-25 19:28:23,Gondi,87807.72,15.00,6153
2024-09-19 14:03:47,Gondi,87559.92,15.00,3801
2024-07-12 22:02:59,Gondi,87377.64,14.99,5608
2024-09-08 22:24:35,Gondi,87168.96,9.00,7994
2024-11-20 20:04:47,Gondi,85696.80,13.40,4581
2024-11-26 19:34:47,Gondi,85316.14,13.50,3646
2024-10-17 20:18:35,Gondi,85000.00,16.00,7407
2024-11-13 21:17:47,Gondi,85000.00,16.00,5608
2024-05-06 09:26:47,Gondi,85000.00,21.00,6530
2024-04-01 22:24:35,Gondi,85000.00,16.98,6031
2024-09-26 19:59:47,Gondi,84827.20,15.00,9941
2024-08-02 17:29:59,Gondi,83500.00,14.50,6320
2024-09-19 14:23:35,Gondi,82773.34,15.00,7189
2024-05-13 22:43:11,Gondi,82485.20,15.00,3188
2024-11-18 21:37:35,Gondi,82317.82,13.50,9984
2024-09-09 17:48:23,Gondi,81990.65,15.00,5699
2024-08-04 04:45:47,Gondi,81576.60,20.00,3914
2024-11-17 06:54:35,Gondi,81391.44,13.50,2511
2024-05-02 19:55:59,Gondi,81349.44,12.00,9447
2024-11-20 16:53:11,Gondi,80355.34,13.50,5934
2024-04-06 18:55:23,Gondi,80000.00,15.99,4728
2024-09-26 03:43:47,Gondi,80000.00,16.00,827
2024-07-28 22:14:47,Gondi,80000.00,15.00,6458
2024-04-11 20:18:59,Gondi,80000.00,16.98,4708
2024-09-03 13:24:11,Gondi,80000.00,14.00,6320
2024-04-11 20:16:47,Gondi,80000.00,16.98,4725
2024-11-21 02:33:11,Gondi,79182.48,13.50,4462
2024-04-25 18:21:59,Gondi,79068.75,16.98,6266
2024-04-25 15:48:11,Gondi,78826.75,19.98,4810
2024-04-25 09:37:35,Gondi,78553.75,19.98,3707
2024-12-16 12:12:47,Gondi,78388.60,16.00,5666
2024-12-15 20:52:47,Gondi,77914.60,16.00,9306
2024-04-25 11:54:11,Gondi,77900.00,19.98,9455
2024-05-18 06:01:35,Gondi,77486.75,15.00,9447
2024-03-30 22:46:11,Gondi,75000.00,17.98,965
2024-01-12 15:04:11,Gondi,75000.00,17.00,4776
2024-06-22 16:01:35,Gondi,75000.00,25.00,1623
2024-02-10 23:37:47,Gondi,75000.00,15.00,3305
2024-04-16 21:19:59,Gondi,75000.00,15.00,8002
2024-09-17 02:14:47,Gondi,75000.00,15.00,3791
2024-05-14 22:20:11,Gondi,75000.00,20.00,5050
2024-05-02 16:07:35,Gondi,74813.50,15.00,9527
2024-11-13 17:15:11,Gondi,74385.68,15.00,7512
2024-11-13 17:10:11,Gondi,74332.35,14.50,8663
2024-11-12 23:32:35,Gondi,71656.42,15.00,2858
2024-03-21 13:48:47,Gondi,70000.00,19.90,6887
2024-02-21 17:34:35,Gondi,70000.00,15.00,9841
2024-12-13 17:48:35,Gondi,70000.00,19.00,193
2024-12-13 17:44:35,Gondi,70000.00,17.00,251
2024-02-14 13:40:35,Gondi,70000.00,18.00,2213
2024-06-07 12:21:59,Gondi,70000.00,15.00,5793
2024-06-01 15:27:47,Gondi,70000.00,15.00,1824
2024-03-21 13:46:47,Gondi,70000.00,19.90,1571
2024-03-21 13:47:59,Gondi,70000.00,19.90,8628
2024-03-20 15:18:35,Gondi,70000.00,19.90,3114
2024-08-05 00:09:47,Gondi,70000.00,15.00,8353
2024-12-13 17:49:23,Gondi,70000.00,19.00,409
2024-06-01 17:22:47,Gondi,70000.00,15.00,5050
2024-02-16 09:11:47,Gondi,70000.00,18.00,634
2024-09-30 14:59:59,Gondi,69264.38,15.00,8056
2024-10-20 23:17:35,Gondi,68618.50,15.00,9133
2024-09-08 18:18:47,Gondi,68298.60,15.00,5608
2024-09-11 17:23:11,Gondi,65979.48,15.00,5533
2024-11-23 18:40:11,Gondi,65000.00,15.00,5157
2024-06-28 18:47:59,Gondi,65000.00,18.00,1945
2024-12-13 17:51:47,Gondi,65000.00,17.00,9030
2024-10-03 10:10:59,Gondi,64734.18,15.00,4625
2024-09-17 15:31:11,Gondi,64397.70,15.00,1140
2024-09-17 15:39:11,Gondi,64229.22,15.00,8353
2024-09-17 16:26:23,Gondi,64000.53,15.00,7221
2024-09-29 15:25:23,Gondi,63903.84,15.00,8400
2024-11-13 23:54:59,Gondi,63902.60,15.00,8514
2024-11-14 16:45:23,Gondi,62879.40,8.91,7056
2024-09-17 19:00:23,Gondi,61058.92,14.99,6159
2024-09-12 14:59:23,Gondi,60797.88,15.00,9988
2024-10-18 08:38:35,Gondi,60754.50,15.00,4138
2024-10-18 08:42:23,Gondi,60678.37,15.00,9992
2024-05-02 22:43:23,Gondi,60000.00,17.00,7652
2024-05-18 17:36:23,Gondi,60000.00,17.00,522
2024-01-08 19:04:23,Gondi,60000.00,12.50,965
2024-05-29 00:24:23,Gondi,60000.00,19.89,4803
2024-04-16 20:07:47,Gondi,60000.00,20.00,6618
2024-05-02 09:15:23,Gondi,60000.00,16.00,6530
2024-05-01 20:55:11,Gondi,60000.00,16.00,1456
2024-05-24 14:28:11,Gondi,60000.00,13.00,8381
2024-11-23 20:09:47,Gondi,60000.00,16.00,9167
2024-04-16 19:55:11,Gondi,60000.00,20.00,7924
2024-07-15 22:55:11,Gondi,60000.00,13.00,4043
2024-04-12 19:43:35,Gondi,60000.00,20.00,3004
2024-03-28 03:22:59,Gondi,60000.00,17.98,3906
2024-05-25 17:13:35,Gondi,60000.00,17.00,3114
2024-04-16 20:01:23,Gondi,60000.00,20.00,4537
2024-04-16 19:59:11,Gondi,60000.00,20.00,8135
2024-10-16 16:50:23,Gondi,59927.42,15.00,5496
2024-10-16 16:37:35,Gondi,59751.24,15.00,3843
2024-12-10 19:06:59,Gondi,59020.75,14.99,8689
2024-09-29 13:47:35,Gondi,58514.94,15.00,8664
2024-09-29 13:43:11,Gondi,58449.82,15.00,9950
2024-09-29 13:38:47,Gondi,58426.94,15.00,4119
2024-12-18 08:53:59,Gondi,58000.00,16.00,1834
2024-10-01 14:39:23,Gondi,58000.00,15.00,6693
2024-10-01 14:45:59,Gondi,58000.00,15.00,7607
2024-10-01 14:41:11,Gondi,58000.00,15.00,9993
2024-10-15 13:51:35,Gondi,57637.80,15.00,7220
2024-09-30 12:02:59,Gondi,55276.83,15.00,2511
2024-11-26 17:17:35,Gondi,55000.00,15.00,4725
2024-11-23 20:22:47,Gondi,55000.00,16.00,4196
2024-09-17 02:16:35,Gondi,55000.00,15.00,1820
2024-07-02 19:59:23,Gondi,55000.00,15.00,1462
2024-08-04 15:54:23,Gondi,55000.00,15.00,1623
2024-01-03 17:52:35,Gondi,55000.00,16.00,5309
2024-01-13 00:06:35,Gondi,55000.00,17.00,5657
2024-11-23 16:32:35,Gondi,55000.00,16.00,3797
2024-10-02 01:56:11,Gondi,55000.00,16.00,1612
2024-12-06 18:37:23,Gondi,55000.00,15.00,3262
2024-09-17 02:26:35,Gondi,55000.00,15.00,7952
2024-11-27 15:45:35,Gondi,55000.00,18.00,1035
2024-08-14 10:57:35,Gondi,54931.60,13.00,8210
2024-10-03 14:24:11,Gondi,54207.32,15.00,9985
2024-10-30 04:02:35,Gondi,54134.17,14.25,4531
2024-10-03 13:53:59,Gondi,54003.08,14.00,1366
2024-11-05 12:01:23,Gondi,53683.74,14.99,1167
2024-06-15 02:57:47,Gondi,53382.75,15.00,6685
2024-10-30 04:08:35,Gondi,53357.49,14.00,3043
2024-10-31 17:57:59,Gondi,52130.48,15.00,9728
2024-09-10 19:04:35,Gondi,52130.32,14.95,4575
2024-10-01 16:15:59,Gondi,52000.00,16.00,4531
2024-11-06 03:44:11,Gondi,51852.00,14.99,5838
2024-09-10 17:55:59,Gondi,51795.48,14.95,1246
2024-10-03 13:49:35,Gondi,51665.68,14.16,4371
2024-05-15 14:14:23,Gondi,51500.00,15.00,1411
2024-09-09 18:20:35,Gondi,51414.88,15.00,4134
2024-09-11 16:21:35,Gondi,51291.46,14.95,2718
2024-07-01 17:38:11,Gondi,51281.59,12.00,4782
2024-10-03 14:49:35,Gondi,51254.94,13.89,9826
2024-10-31 17:54:23,Gondi,50770.80,13.25,7496
2024-09-03 21:53:11,Gondi,50374.04,13.50,4059
2024-11-02 01:58:23,Gondi,50314.00,13.10,705
2024-07-12 21:23:47,Gondi,50000.00,13.00,7322
2024-07-27 21:56:23,Gondi,50000.00,13.00,9098
2024-03-19 21:01:35,Gondi,50000.00,18.00,4523
2024-11-25 20:41:23,Gondi,50000.00,15.00,4868
2024-09-27 04:45:47,Gondi,50000.00,16.00,1675
2024-10-18 14:58:47,Gondi,50000.00,16.00,3914
2024-09-27 04:45:11,Gondi,50000.00,16.00,4043
2024-09-07 19:49:35,Gondi,50000.00,13.00,9133
2024-09-13 04:12:11,Gondi,50000.00,15.00,4752
2024-12-27 08:31:11,Gondi,50000.00,18.00,192
2024-11-15 01:54:11,Gondi,50000.00,18.00,2412
2024-12-07 19:02:23,Gondi,50000.00,18.00,7332
2024-09-07 19:57:11,Gondi,50000.00,13.00,5513
2024-06-04 19:53:35,Gondi,50000.00,18.00,2722
2024-07-27 21:53:11,Gondi,50000.00,13.00,9610
2024-11-21 20:59:23,Gondi,50000.00,15.00,7427
2024-09-16 20:58:59,Gondi,50000.00,15.00,8284
2024-09-17 02:19:59,Gondi,50000.00,15.00,4424
2024-12-04 04:23:23,Gondi,50000.00,16.00,2362
2024-09-11 03:07:11,Gondi,49464.24,13.90,4718
2024-11-05 12:39:23,Gondi,48787.60,14.00,3480
2024-12-16 12:35:23,Gondi,47283.36,16.00,2503
2024-08-29 09:12:59,Gondi,45876.24,17.98,3190
2024-07-31 15:02:47,Gondi,45000.00,15.00,5390
2024-07-30 11:23:35,Gondi,45000.00,18.50,4089
2024-11-11 14:32:35,Gondi,45000.00,20.00,6418
2024-08-02 16:35:59,Gondi,45000.00,15.00,8123
2024-08-01 01:24:11,Gondi,45000.00,15.00,4725
2024-12-04 02:48:35,Gondi,45000.00,15.00,6501
2024-11-11 17:30:35,Gondi,45000.00,20.00,1834
2024-11-27 20:20:11,Gondi,45000.00,14.00,4710
2024-06-24 22:40:47,Gondi,45000.00,18.00,3114
2024-11-03 10:44:11,Gondi,44291.34,16.99,4067
2024-12-17 23:59:35,Gondi,42500.00,16.00,4728
2024-12-17 23:57:59,Gondi,42500.00,16.00,4782
2024-06-20 19:12:59,Gondi,42298.08,19.98,8476
2024-08-18 12:43:59,Gondi,42000.00,15.00,7898
2024-11-10 23:34:11,Gondi,42000.00,16.00,9098
2024-11-10 23:36:59,Gondi,42000.00,16.00,8462
2024-12-02 19:30:47,Gondi,42000.00,18.00,6699
2024-11-10 23:40:59,Gondi,42000.00,16.00,9610
2024-08-18 12:45:47,Gondi,42000.00,15.00,3704
2024-09-17 10:48:59,Gondi,41636.88,15.00,1085
2024-08-28 14:45:59,Gondi,40000.00,15.00,4987
2024-08-28 14:43:47,Gondi,40000.00,15.00,5838
2024-10-09 18:35:47,Gondi,40000.00,17.00,8674
2024-08-30 00:50:23,Gondi,40000.00,15.00,9527
2024-11-10 20:48:23,Gondi,40000.00,20.00,2783
2024-10-15 11:17:59,Gondi,40000.00,15.00,8187
2024-08-28 14:47:59,Gondi,40000.00,15.00,8354
2024-11-30 03:21:35,Gondi,40000.00,18.00,1429
2024-11-19 16:50:35,Gondi,40000.00,16.00,4769
2024-07-13 21:10:59,Gondi,40000.00,13.00,7652
2024-11-28 01:13:11,Gondi,40000.00,18.00,4772
2024-10-10 03:18:35,Gondi,40000.00,13.00,6699
2024-10-30 18:23:35,Gondi,40000.00,15.00,5935
2024-12-07 15:41:47,Gondi,40000.00,18.00,6314
2024-11-19 16:48:11,Gondi,40000.00,16.00,4708
2024-10-23 00:05:23,Gondi,38000.00,15.00,2545
2024-09-01 02:02:47,Gondi,37500.00,16.00,4782
2024-11-08 14:37:23,Gondi,37000.00,18.00,4798
2024-06-15 14:07:11,Gondi,35630.40,19.98,1085
2024-08-24 22:59:59,Gondi,35000.00,20.00,628
2024-09-11 10:47:35,Gondi,35000.00,15.00,6685
2024-07-02 20:02:59,Gondi,34891.04,12.00,5793
2024-12-31 04:37:23,Gondi,33827.52,13.00,5406
2024-08-27 21:10:11,Gondi,33806.65,10.00,6353
2024-09-07 02:33:47,Gondi,33504.00,16.20,4728
2024-10-09 12:50:23,Gondi,32000.00,15.00,7924
2024-08-21 07:37:47,Gondi,32000.00,15.00,8999
2024-10-09 23:10:59,Gondi,32000.00,15.00,6618
2024-11-08 16:27:23,Gondi,32000.00,15.00,5969
2024-08-17 18:00:23,Gondi,32000.00,15.00,4635
2024-10-16 17:58:35,Gondi,30000.00,13.00,4718
2024-11-07 09:06:47,Gondi,27000.00,15.00,6530
2024-11-08 15:41:47,Gondi,25000.00,20.00,8095
2024-09-11 14:52:11,Gondi,25000.00,10.00,4709
2024-09-12 19:39:59,Gondi,16000.00,12.00,7615
2024-12-30 23:42:23,Gondi,12408.68,18.00,5666
2024-12-10 21:50:23,Gondi,5485.00,12.99,8522
2024-12-10 21:34:35,Gondi,5485.00,12.99,2973
2024-12-10 20:54:23,Gondi,5485.00,12.99,8047
2024-12-10 20:45:59,Gondi,5485.00,12.99,9135
2024-12-11 17:03:11,Gondi,5485.00,12.99,9222
2024-11-10 14:13:35,Gondi,3519.60,19.00,4534
2024-12-11 22:27:59,Gondi,3400.00,20.00,4776
2024-12-11 22:26:35,Gondi,3400.00,20.00,4735
2024-12-11 22:24:59,Gondi,3400.00,20.00,4782
2024-12-11 22:33:11,Gondi,3400.00,20.00,4785
2024-12-11 22:24:23,Gondi,3400.00,20.00,3735
2024-12-11 22:34:11,Gondi,3400.00,20.00,4744
2024-12-11 22:29:35,Gondi,3400.00,20.00,4739
2024-12-11 22:25:59,Gondi,3400.00,20.00,4741
2024-10-15 14:57:35,Gondi,2449.52,15.00,4777
2024-08-23 21:24:47,Gondi,2200.00,15.00,9377
2024-09-19 03:04:47,Gondi,2200.00,15.00,5786
2024-09-02 07:54:47,Gondi,1800.00,15.00,1961
2024-10-17 09:42:47,Gondi,1600.00,15.00,5123
2024-12-10 21:45:23,Gondi,1251.34,12.99,4729
